{
  "parent": "minecraft:item/generated",
  "textures": {
    "layer0": "minecraft:item/pointed_dripstone"
  },
  "display": {
    "thirdperson_righthand": {
      "rotation": [
        0,
        100,
        0
      ],
      "translation": [
        -1,
        -1,
        0
      ],
      "scale": [
        0.9,
        0.9,
        0.9
      ]
    },
    "firstperson_righthand": {
      "rotation": [
        0,
        100,
        0
      ],
      "translation": [
        0,
        -2,
        0
      ],
      "scale": [
        0.9,
        0.9,
        0.9
      ]
    }
  },
  "overrides": [
    {
      "predicate": {
        "custom_model_data": 1702
      },
      "model": "peek_flat/pointed_dripstone"
    }
  ]
}
