{
  "parent": "item/amethyst_bud",
  "textures": {
    "layer0": "minecraft:block/small_amethyst_bud"
  },
  "display": {
    "firstperson_righthand": {
      "rotation": [
        0,
        -90,
        25
      ],
      "translation": [
        0,
        6,
        0
      ],
      "scale": [
        0.68,
        0.68,
        0.68
      ]
    },
    "fixed": {
      "translation": [
        0,
        7,
        0
      ]
    }
  },
  "overrides": [
    {
      "predicate": {
        "custom_model_data": 1702
      },
      "model": "peek_flat/small_amethyst_bud"
    }
  ]
}
