{
	"credit": "Made with Blockbench",
	"elements": [
		{
			"from": [1, 4, 7.5],
			"to": [15, 12, 8.5],
			"faces": {
				"north": {"uv": [15, 4, 1, 12], "texture": "#base"},
				"east": {"uv": [14, 4, 15, 12], "texture": "#base"},
				"south": {"uv": [1, 4, 15, 12], "texture": "#base"},
				"west": {"uv": [1, 4, 2, 12], "texture": "#base"},
				"up": {"uv": [1, 4, 15, 5], "texture": "#base"},
				"down": {"uv": [1, 11, 15, 12], "texture": "#base"}
			}
		},
		{
			"from": [2, 12, 7.5],
			"to": [14, 13, 8.5],
			"faces": {
				"north": {"uv": [14, 3, 2, 4], "texture": "#base"},
				"east": {"uv": [13, 3, 14, 4], "texture": "#base"},
				"south": {"uv": [2, 3, 14, 4], "texture": "#base"},
				"west": {"uv": [2, 3, 3, 4], "texture": "#base"},
				"up": {"uv": [2, 3, 14, 4], "texture": "#base"}
			}
		},
		{
			"from": [2, 3, 7.5],
			"to": [14, 4, 8.5],
			"faces": {
				"north": {"uv": [14, 12, 2, 13], "texture": "#base"},
				"east": {"uv": [13, 12, 14, 13], "texture": "#base"},
				"south": {"uv": [2, 12, 14, 13], "texture": "#base"},
				"west": {"uv": [2, 12, 3, 13], "texture": "#base"},
				"down": {"uv": [2, 12, 14, 13], "texture": "#base"}
			}
		},
		{
			"from": [4, 13, 7.5],
			"to": [12, 14, 8.5],
			"faces": {
				"north": {"uv": [12, 2, 4, 3], "texture": "#base"},
				"east": {"uv": [11, 2, 12, 3], "texture": "#base"},
				"south": {"uv": [4, 2, 12, 3], "texture": "#base"},
				"west": {"uv": [4, 2, 5, 3], "texture": "#base"},
				"up": {"uv": [4, 2, 12, 3], "texture": "#base"}
			}
		},
		{
			"from": [4, 2, 7.5],
			"to": [12, 3, 8.5],
			"faces": {
				"north": {"uv": [12, 13, 4, 14], "texture": "#base"},
				"east": {"uv": [11, 13, 12, 14], "texture": "#base"},
				"south": {"uv": [4, 13, 12, 14], "texture": "#base"},
				"west": {"uv": [4, 13, 5, 14], "texture": "#base"},
				"down": {"uv": [4, 13, 12, 14], "texture": "#base"}
			}
		},
		{
			"from": [6, 14, 7.5],
			"to": [10, 15, 8.5],
			"faces": {
				"north": {"uv": [10, 1, 6, 2], "texture": "#base"},
				"east": {"uv": [9, 1, 10, 2], "texture": "#base"},
				"south": {"uv": [6, 1, 10, 2], "texture": "#base"},
				"west": {"uv": [6, 1, 7, 2], "texture": "#base"},
				"up": {"uv": [6, 1, 10, 2], "texture": "#base"}
			}
		},
		{
			"from": [6, 1, 7.5],
			"to": [10, 2, 8.5],
			"faces": {
				"north": {"uv": [10, 14, 6, 15], "texture": "#base"},
				"east": {"uv": [9, 14, 10, 15], "texture": "#base"},
				"south": {"uv": [6, 14, 10, 15], "texture": "#base"},
				"west": {"uv": [6, 14, 7, 15], "texture": "#base"},
				"down": {"uv": [6, 14, 10, 15], "texture": "#base"}
			}
		}
	],
	"gui_light": "front",
	"display": {
		"thirdperson_righthand": {
			"translation": [0, 3, 1],
			"scale": [0.55, 0.55, 0.55]
		},
		"firstperson_righthand": {
			"rotation": [0, -90, 25],
			"translation": [1.13, 3.2, 1.13],
			"scale": [0.68, 0.68, 0.68]
		},
		"ground": {
			"translation": [0, 2, 0],
			"scale": [0.5, 0.5, 0.5]
		},
		"head": {
			"rotation": [0, 180, 0],
			"translation": [0, 0, -7]
		},
		"fixed": {
			"rotation": [0, 180, 0]
		}
	}
}
